trips,precipitation,snow_depth,snowfall,max_temperature,min_temperature,average_wind_speed,year,season,month,holiday,stations_in_service,weekday,weekday_non_holiday
20138,0.649606,0,0,75.92,66.02,2.90802,2013,summer,8,FALSE,329,TRUE,TRUE
35792,0,0,0,82.94,66.92,4.47387,2013,summer,8,FALSE,329,TRUE,TRUE
29540,0.0590551,0,0,78.08,68,3.3554,2013,summer,8,FALSE,329,FALSE,FALSE
35253,0,0,0,80.06,66.02,5.14495,2013,summer,8,FALSE,329,FALSE,FALSE
36776,0,0,0,78.08,62.06,3.3554,2013,summer,8,FALSE,329,TRUE,TRUE
37702,0,0,0,82.04,64.04,2.68432,2013,summer,8,FALSE,329,TRUE,TRUE
34396,0,0,0,80.06,69.98,5.14495,2013,summer,8,FALSE,329,TRUE,TRUE
28366,0.46063,0,0,80.96,69.98,4.47387,2013,summer,8,FALSE,329,TRUE,TRUE
29017,0.0511811,0,0,84.92,73.94,4.25018,2013,summer,8,FALSE,329,TRUE,TRUE
37201,0,0,0,82.94,69.98,4.92126,2013,summer,8,FALSE,329,FALSE,FALSE
33060,0,0,0,80.96,64.94,2.46063,2013,summer,8,FALSE,329,FALSE,FALSE
31457,0.0511811,0,0,82.04,69.98,2.01324,2013,summer,8,FALSE,329,TRUE,TRUE
22437,0.850394,0,0,77,68,2.68432,2013,summer,8,FALSE,329,TRUE,TRUE
38150,0,0,0,73.94,60.98,6.48712,2013,summer,8,FALSE,329,TRUE,TRUE
37386,0,0,0,78.08,59,3.5791,2013,summer,8,FALSE,329,TRUE,TRUE
35991,0,0,0,82.04,64.04,2.01324,2013,summer,8,FALSE,329,TRUE,TRUE
37285,0,0,0,84.02,64.04,2.01324,2013,summer,8,FALSE,329,FALSE,FALSE
27612,0,0,0,75.92,68,2.90802,2013,summer,8,FALSE,329,FALSE,FALSE
33127,0,0,0,78.98,66.02,3.3554,2013,summer,8,FALSE,329,TRUE,TRUE
35843,0,0,0,87.98,68,2.90802,2013,summer,8,FALSE,329,TRUE,TRUE
36315,0,0,0,89.96,71.96,2.46063,2013,summer,8,FALSE,329,TRUE,TRUE
26629,0.251969,0,0,78.08,71.06,3.80279,2013,summer,8,FALSE,329,TRUE,TRUE
33503,0,0,0,82.04,71.06,5.59234,2013,summer,8,FALSE,329,TRUE,TRUE
32941,0,0,0,80.06,64.94,4.92126,2013,summer,8,FALSE,329,FALSE,FALSE
31755,0,0,0,82.94,64.04,4.02649,2013,summer,8,FALSE,329,FALSE,FALSE
29979,0.0393701,0,0,84.02,68,5.81603,2013,summer,8,FALSE,329,TRUE,TRUE
34208,0.011811,0,0,87.08,71.06,4.69757,2013,summer,8,FALSE,329,TRUE,TRUE
28185,0.429134,0,0,86,71.06,2.68432,2013,summer,8,FALSE,330,TRUE,TRUE
34215,0,0,0,80.06,71.06,4.92126,2013,summer,8,FALSE,330,TRUE,TRUE
32318,0,0,0,84.92,69.98,4.25018,2013,summer,8,FALSE,330,TRUE,TRUE
25381,0,0,0,86,73.04,4.92126,2013,summer,8,FALSE,330,FALSE,FALSE
25235,0,0,0,84.02,75.02,2.46063,2013,fall,9,FALSE,330,FALSE,FALSE
21416,0.0511811,0,0,82.04,73.94,0.894775,2013,fall,9,TRUE,330,TRUE,FALSE
32411,0.0314961,0,0,82.04,68,2.90802,2013,fall,9,FALSE,330,TRUE,TRUE
36798,0,0,0,82.04,64.94,5.36865,2013,fall,9,FALSE,330,TRUE,TRUE
35825,0,0,0,80.06,64.04,5.59234,2013,fall,9,FALSE,330,TRUE,TRUE
35868,0,0,0,71.96,57.02,3.5791,2013,fall,9,FALSE,330,TRUE,TRUE
34419,0,0,0,80.06,59,3.3554,2013,fall,9,FALSE,330,FALSE,FALSE
33196,0,0,0,82.94,64.04,6.48712,2013,fall,9,FALSE,330,FALSE,FALSE
35394,0,0,0,73.04,57.02,4.25018,2013,fall,9,FALSE,330,TRUE,TRUE
36954,0.011811,0,0,87.08,68,5.81603,2013,fall,9,FALSE,330,TRUE,TRUE
35812,0,0,0,96.08,77,4.47387,2013,fall,9,FALSE,330,TRUE,TRUE
31252,1.59843,0,0,87.08,69.98,4.02649,2013,fall,9,FALSE,330,TRUE,TRUE
36501,0.0590551,0,0,77,59,5.14495,2013,fall,9,FALSE,330,TRUE,TRUE
31607,0,0,0,66.92,53.96,4.69757,2013,fall,9,FALSE,330,FALSE,FALSE
31914,0,0,0,73.04,51.08,3.80279,2013,fall,9,FALSE,330,FALSE,FALSE
31287,0.0314961,0,0,73.04,55.94,4.69757,2013,fall,9,FALSE,330,TRUE,TRUE
38283,0,0,0,64.94,50,4.69757,2013,fall,9,FALSE,330,TRUE,TRUE
37957,0,0,0,71.96,51.08,2.68432,2013,fall,9,FALSE,330,TRUE,TRUE
39200,0,0,0,78.08,55.04,2.46063,2013,fall,9,FALSE,330,TRUE,TRUE
39382,0,0,0,78.98,60.08,3.13171,2013,fall,9,FALSE,330,TRUE,TRUE
31826,0.720472,0,0,77,60.98,4.47387,2013,fall,9,FALSE,330,FALSE,FALSE
29758,0.448819,0,0,69.08,53.96,5.81603,2013,fall,9,FALSE,330,FALSE,FALSE
35152,0,0,0,66.02,50,4.02649,2013,fall,9,FALSE,330,TRUE,TRUE
38417,0,0,0,73.04,46.94,4.02649,2013,fall,9,FALSE,330,TRUE,TRUE
38223,0,0,0,73.04,51.98,1.78955,2013,fall,9,FALSE,330,TRUE,TRUE
38189,0,0,0,71.06,57.92,3.5791,2013,fall,9,FALSE,330,TRUE,TRUE
37412,0,0,0,69.08,57.02,4.69757,2013,fall,9,FALSE,330,TRUE,TRUE
34931,0,0,0,73.04,55.94,4.47387,2013,fall,9,FALSE,330,FALSE,FALSE
32592,0,0,0,71.96,57.02,3.13171,2013,fall,9,FALSE,330,FALSE,FALSE
37148,0,0,0,75.02,55.94,3.3554,2013,fall,9,FALSE,330,TRUE,TRUE
40575,0,0,0,82.04,59,2.01324,2013,fall,10,FALSE,330,TRUE,TRUE
41383,0,0,0,82.94,64.04,4.02649,2013,fall,10,FALSE,330,TRUE,TRUE
40456,0,0,0,78.08,62.96,1.56586,2013,fall,10,FALSE,330,TRUE,TRUE
40195,0,0,0,86,66.02,2.90802,2013,fall,10,FALSE,330,TRUE,TRUE
34181,0,0,0,75.92,64.04,3.5791,2013,fall,10,FALSE,330,FALSE,FALSE
26574,0,0,0,69.98,64.94,5.81603,2013,fall,10,FALSE,330,FALSE,FALSE
25016,0.251969,0,0,75.92,60.08,5.81603,2013,fall,10,FALSE,330,TRUE,TRUE
38365,0,0,0,66.92,53.96,6.03973,2013,fall,10,FALSE,330,TRUE,TRUE
36969,0,0,0,62.06,53.06,8.50036,2013,fall,10,FALSE,330,TRUE,TRUE
31171,0,0,0,64.94,53.96,8.94775,2013,fall,10,FALSE,330,TRUE,TRUE
33357,0.019685,0,0,68,60.08,9.39513,2013,fall,10,FALSE,330,TRUE,TRUE
32457,0,0,0,71.96,60.08,11.1847,2013,fall,10,FALSE,330,FALSE,FALSE
28832,0,0,0,64.94,55.94,8.50036,2013,fall,10,FALSE,330,FALSE,FALSE
33018,0,0,0,66.02,51.98,2.46063,2013,fall,10,FALSE,330,TRUE,TRUE
37534,0,0,0,71.96,53.06,2.90802,2013,fall,10,FALSE,330,TRUE,TRUE
36911,0,0,0,66.92,55.94,3.13171,2013,fall,10,FALSE,330,TRUE,TRUE
36888,0.019685,0,0,73.04,60.98,2.68432,2013,fall,10,FALSE,330,TRUE,TRUE
38122,0,0,0,68,55.04,6.71081,2013,fall,10,FALSE,330,TRUE,TRUE
29548,0.011811,0,0,64.04,51.98,3.3554,2013,fall,10,FALSE,330,FALSE,FALSE
29256,0,0,0,62.96,50,5.59234,2013,fall,10,FALSE,330,FALSE,FALSE
35012,0,0,0,66.02,50,3.80279,2013,fall,10,FALSE,330,TRUE,TRUE
36338,0,0,0,66.92,51.08,4.47387,2013,fall,10,FALSE,330,TRUE,TRUE
32365,0,0,0,55.04,44.96,4.47387,2013,fall,10,FALSE,330,TRUE,TRUE
32251,0,0,0,53.96,41,6.71081,2013,fall,10,FALSE,330,TRUE,TRUE
30979,0,0,0,53.06,39.92,5.14495,2013,fall,10,FALSE,330,TRUE,TRUE
24569,0,0,0,55.04,41,6.26342,2013,fall,10,FALSE,330,FALSE,FALSE
23965,0,0,0,57.92,46.04,5.14495,2013,fall,10,FALSE,330,FALSE,FALSE
31498,0,0,0,60.98,42.98,4.47387,2013,fall,10,FALSE,330,TRUE,TRUE
33414,0,0,0,55.94,44.06,4.92126,2013,fall,10,FALSE,330,TRUE,TRUE
35069,0,0,0,60.08,46.94,2.01324,2013,fall,10,FALSE,330,TRUE,TRUE
31444,0.0590551,0,0,66.02,53.06,3.5791,2013,fall,10,FALSE,330,TRUE,TRUE
30384,0.129921,0,0,69.98,59,4.92126,2013,fall,11,FALSE,330,TRUE,TRUE
31013,0,0,0,68,55.04,3.80279,2013,fall,11,FALSE,330,FALSE,FALSE
20798,0,0,0,55.04,37.04,6.26342,2013,fall,11,FALSE,330,FALSE,FALSE
27142,0,0,0,46.04,35.06,6.48712,2013,fall,11,FALSE,330,TRUE,TRUE
31493,0,0,0,55.04,41,4.02649,2013,fall,11,FALSE,330,TRUE,TRUE
34826,0,0,0,60.98,48.92,3.5791,2013,fall,11,FALSE,330,TRUE,TRUE
25719,0.129921,0,0,64.04,44.06,6.71081,2013,fall,11,FALSE,330,TRUE,TRUE
28686,0,0,0,50,39.92,8.72405,2013,fall,11,FALSE,330,TRUE,TRUE
21734,0,0,0,50,37.94,4.92126,2013,fall,11,FALSE,330,FALSE,FALSE
19712,0,0,0,60.98,44.06,7.60558,2013,fall,11,FALSE,330,FALSE,FALSE
27295,0,0,0,53.06,42.98,6.48712,2013,fall,11,FALSE,330,TRUE,TRUE
19925,0.0314961,0,0,51.98,31.1,6.26342,2013,fall,11,FALSE,329,TRUE,TRUE
23633,0,0,0,39.02,29.12,6.03973,2013,fall,11,FALSE,329,TRUE,TRUE
27040,0,0,0,51.98,33.08,8.05297,2013,fall,11,FALSE,329,TRUE,TRUE
29051,0,0,0,57.02,44.06,4.69757,2013,fall,11,FALSE,330,TRUE,TRUE
25194,0.0511811,0,0,60.08,44.96,2.68432,2013,fall,11,FALSE,330,FALSE,FALSE
17995,0.0314961,0,0,60.08,51.08,3.5791,2013,fall,11,FALSE,330,FALSE,FALSE
30615,0.220472,0,0,64.94,51.08,7.38189,2013,fall,11,FALSE,330,TRUE,TRUE
27417,0,0,0,51.08,35.96,9.17144,2013,fall,11,FALSE,330,TRUE,TRUE
26229,0,0,0,44.06,32,6.9345,2013,fall,11,FALSE,330,TRUE,TRUE
28752,0,0,0,51.98,35.06,4.92126,2013,fall,11,FALSE,330,TRUE,TRUE
25448,0.0708661,0,0,57.02,51.08,6.26342,2013,fall,11,FALSE,330,TRUE,TRUE
18996,0,0,0,53.96,31.1,9.61883,2013,fall,11,FALSE,330,FALSE,FALSE
9392,0,0,0,30.2,23.18,12.0795,2013,fall,11,FALSE,330,FALSE,FALSE
19116,0,0,0,35.06,23.18,5.81603,2013,fall,11,FALSE,330,TRUE,TRUE
14999,0.511811,0,0,46.94,33.08,4.25018,2013,fall,11,FALSE,330,TRUE,TRUE
7976,1.98031,0,0,62.06,35.06,9.61883,2013,fall,11,FALSE,330,TRUE,TRUE
5204,0,0,0,35.06,30.2,7.1582,2013,fall,11,TRUE,330,TRUE,FALSE
10127,0,0,0,39.02,29.12,3.80279,2013,fall,11,TRUE,330,TRUE,FALSE
9863,0,0,0,39.02,25.16,5.14495,2013,fall,11,FALSE,330,FALSE,FALSE
13326,0,0,0,48.92,35.96,1.78955,2013,winter,12,FALSE,330,FALSE,FALSE
24576,0,0,0,48.92,41,3.13171,2013,winter,12,FALSE,330,TRUE,TRUE
27431,0,0,0,53.06,37.94,3.13171,2013,winter,12,FALSE,330,TRUE,TRUE
28199,0,0,0,51.98,41,2.90802,2013,winter,12,FALSE,330,TRUE,TRUE
26988,0.011811,0,0,60.08,48.02,2.46063,2013,winter,12,FALSE,330,TRUE,TRUE
10736,0.728346,0,0,62.06,37.04,5.81603,2013,winter,12,FALSE,330,TRUE,TRUE
15545,0.141732,0,0,41,32,6.03973,2013,winter,12,FALSE,330,FALSE,FALSE
10090,0.0787402,0,0.708661,33.08,29.12,6.26342,2013,winter,12,FALSE,330,FALSE,FALSE
14824,0.299213,0,0,39.02,31.1,6.71081,2013,winter,12,FALSE,330,TRUE,TRUE
12850,0.228346,0,1.41732,37.04,30.2,6.48712,2013,winter,12,FALSE,330,TRUE,TRUE
18766,0,0,0,33.08,27.14,7.60558,2013,winter,12,FALSE,330,TRUE,TRUE
17214,0,0,0,30.2,23.18,7.38189,2013,winter,12,FALSE,329,TRUE,TRUE
17888,0,0,0,35.06,23.18,5.59234,2013,winter,12,FALSE,329,TRUE,TRUE
3701,0.728346,0,5,33.98,22.1,10.0662,2013,winter,12,FALSE,329,FALSE,FALSE
7462,0.720472,3.14961,0,39.92,30.2,8.72405,2013,winter,12,FALSE,329,FALSE,FALSE
15562,0,3.14961,0,33.08,25.16,7.82928,2013,winter,12,FALSE,329,TRUE,TRUE
7863,0.188976,3.14961,1.49606,32,24.26,6.03973,2013,winter,12,FALSE,329,TRUE,TRUE
14924,0,3.93701,0,37.04,23.18,6.71081,2013,winter,12,FALSE,329,TRUE,TRUE
18766,0,3.14961,0,46.94,30.2,4.92126,2013,winter,12,FALSE,329,TRUE,TRUE
22066,0,3.14961,0,53.06,41,5.14495,2013,winter,12,FALSE,329,TRUE,TRUE
17940,0.011811,1.1811,0,64.94,51.08,7.82928,2013,winter,12,FALSE,329,FALSE,FALSE
15063,0,0,0,71.06,60.98,5.59234,2013,winter,12,FALSE,329,FALSE,FALSE
6956,0.511811,0,0,64.04,42.08,4.69757,2013,winter,12,FALSE,329,TRUE,TRUE
11025,0,0,0,42.08,26.24,8.27666,2013,winter,12,TRUE,329,TRUE,FALSE
3260,0,0,0,31.1,19.22,4.69757,2013,winter,12,TRUE,329,TRUE,FALSE
9763,0,0,0,35.96,30.2,5.36865,2013,winter,12,FALSE,329,TRUE,TRUE
11720,0,0,0,39.92,31.1,5.81603,2013,winter,12,FALSE,329,TRUE,TRUE
12022,0,0,0,55.04,35.96,7.1582,2013,winter,12,FALSE,329,FALSE,FALSE
3775,1.20079,0,0,48.02,41,6.03973,2013,winter,12,FALSE,329,FALSE,FALSE
13241,0,0,0,44.96,23.18,6.26342,2013,winter,12,FALSE,329,TRUE,TRUE
10424,0,0,0,32,21.2,5.81603,2013,winter,12,FALSE,329,TRUE,TRUE
6059,0,0,0,33.08,24.26,5.59234,2014,winter,1,TRUE,329,TRUE,FALSE
8600,0.330709,0,3.11024,33.08,18.14,12.3031,2014,winter,1,FALSE,329,TRUE,TRUE
1144,0.291339,5.90551,3.30709,18.14,9.14,10.5136,2014,winter,1,FALSE,329,TRUE,TRUE
2292,0,5.90551,0,29.12,8.24,4.92126,2014,winter,1,FALSE,329,FALSE,FALSE
2678,0.141732,3.93701,0,39.92,27.14,3.80279,2014,winter,1,FALSE,329,FALSE,FALSE
9510,0.358268,1.1811,0,55.04,19.22,8.50036,2014,winter,1,FALSE,329,TRUE,TRUE
6267,0,0,0,19.22,4.1,13.1979,2014,winter,1,FALSE,329,TRUE,TRUE
9246,0,0,0,22.1,9.14,7.1582,2014,winter,1,FALSE,329,TRUE,TRUE
13354,0,0,0,32,22.1,2.90802,2014,winter,1,FALSE,329,TRUE,TRUE
9847,0.110236,0,0,37.04,30.2,3.3554,2014,winter,1,FALSE,329,TRUE,TRUE
7695,0.5,0,0,57.92,37.04,7.1582,2014,winter,1,FALSE,329,FALSE,FALSE
12515,0.0511811,0,0,53.96,37.94,8.27666,2014,winter,1,FALSE,329,FALSE,FALSE
20633,0,0,0,51.08,37.04,5.14495,2014,winter,1,FALSE,329,TRUE,TRUE
9999,0.38189,0,0,51.98,44.06,4.92126,2014,winter,1,FALSE,328,TRUE,TRUE
21630,0,0,0,46.94,39.02,2.90802,2014,winter,1,FALSE,329,TRUE,TRUE
19953,0,0,0,42.08,35.96,4.02649,2014,winter,1,FALSE,329,TRUE,TRUE
20301,0,0,0,44.06,33.08,3.5791,2014,winter,1,FALSE,329,TRUE,TRUE
9438,0.0708661,0,0,41,29.12,7.1582,2014,winter,1,FALSE,329,FALSE,FALSE
9028,0,0,0,37.94,24.26,7.38189,2014,winter,1,FALSE,329,FALSE,FALSE
13407,0,0,0,46.04,31.1,7.38189,2014,winter,1,TRUE,329,TRUE,FALSE
3804,0.46063,0,10.9843,31.1,11.12,10.5136,2014,winter,1,FALSE,329,TRUE,TRUE
2451,0.019685,11.0236,0.511811,17.24,5.18,8.72405,2014,winter,1,FALSE,329,TRUE,TRUE
5071,0,7.08661,0,20.12,7.16,7.1582,2014,winter,1,FALSE,329,TRUE,TRUE
6176,0,5.90551,0,20.12,10.22,8.05297,2014,winter,1,FALSE,329,TRUE,TRUE
4338,0.0393701,3.93701,0.984252,28.22,19.22,7.60558,2014,winter,1,FALSE,329,FALSE,FALSE
4980,0,3.93701,0,33.98,17.24,NA,2014,winter,1,FALSE,329,FALSE,FALSE
13119,0,3.14961,0,44.06,21.2,7.82928,2014,winter,1,FALSE,329,TRUE,TRUE
10033,0,1.1811,0,21.2,12.2,6.03973,2014,winter,1,FALSE,329,TRUE,TRUE
10021,0.0393701,1.9685,0.787402,23.18,14.18,6.48712,2014,winter,1,FALSE,329,TRUE,TRUE
12158,0,0.984252,0,30.2,16.16,3.80279,2014,winter,1,FALSE,329,TRUE,TRUE
14653,0,1.1811,0,39.02,25.16,4.92126,2014,winter,1,FALSE,329,TRUE,TRUE
12771,0,1.1811,0,44.96,35.96,3.5791,2014,winter,2,FALSE,329,FALSE,FALSE
13816,0,1.1811,0,55.94,39.02,3.13171,2014,winter,2,FALSE,329,FALSE,FALSE
2600,1.16929,1.1811,7.99213,42.98,27.14,6.71081,2014,winter,2,FALSE,329,TRUE,TRUE
8709,0,7.87402,0,35.06,22.1,2.23694,2014,winter,2,FALSE,329,TRUE,TRUE
2746,1.42913,9.05512,4.01575,33.98,29.12,7.1582,2014,winter,2,FALSE,329,TRUE,TRUE
7196,0,9.05512,0,32,21.2,4.02649,2014,winter,2,FALSE,329,TRUE,TRUE
8495,0,9.05512,0,32,24.26,6.71081,2014,winter,2,FALSE,329,TRUE,TRUE
5986,0,9.05512,0,29.12,21.2,4.92126,2014,winter,2,FALSE,329,FALSE,FALSE
4996,0.0984252,7.87402,1.1811,31.1,21.2,3.5791,2014,winter,2,FALSE,329,FALSE,FALSE
6846,0,9.84252,0,29.12,21.2,7.1582,2014,winter,2,FALSE,329,TRUE,TRUE
8343,0,9.84252,0,26.24,16.16,5.36865,2014,winter,2,FALSE,329,TRUE,TRUE
8580,0,9.84252,0,25.16,13.1,5.81603,2014,winter,2,FALSE,329,TRUE,TRUE
876,1.77953,11.811,9.48819,35.96,24.26,12.5268,2014,winter,2,FALSE,329,TRUE,TRUE
3609,0.299213,18.1102,2.99213,39.92,31.1,10.5136,2014,winter,2,FALSE,329,TRUE,TRUE
2261,0.129921,18.1102,1.61417,37.04,27.14,9.39513,2014,winter,2,FALSE,329,FALSE,FALSE
3003,0,18.1102,0,30.2,21.2,8.94775,2014,winter,2,FALSE,329,FALSE,FALSE
4854,0,16.9291,0,32,18.14,5.36865,2014,winter,2,TRUE,329,TRUE,FALSE
5140,0.161417,18.1102,1.49606,39.02,26.24,5.14495,2014,winter,2,FALSE,329,TRUE,TRUE
8506,0.259843,16.9291,0,44.96,33.98,5.14495,2014,winter,2,FALSE,329,TRUE,TRUE
11792,0.0314961,14.9606,0,51.08,37.04,4.92126,2014,winter,2,FALSE,329,TRUE,TRUE
8680,0.0905512,12.9921,0,48.92,35.96,7.38189,2014,winter,2,FALSE,329,TRUE,TRUE
13044,0,9.84252,0,53.96,39.92,7.1582,2014,winter,2,FALSE,329,FALSE,FALSE
13324,0,9.05512,0,53.96,42.98,5.36865,2014,winter,2,FALSE,329,FALSE,FALSE
12922,0,5.90551,0,44.06,27.14,9.39513,2014,winter,2,FALSE,329,TRUE,TRUE
12830,0,5.90551,0,33.08,24.26,6.9345,2014,winter,2,FALSE,329,TRUE,TRUE
11188,0.0314961,5.90551,0.19685,31.1,20.12,5.36865,2014,winter,2,FALSE,329,TRUE,TRUE
12036,0,5.90551,0,33.98,14.18,8.50036,2014,winter,2,FALSE,329,TRUE,TRUE
9587,0,5.90551,0,24.26,9.14,4.69757,2014,winter,2,FALSE,329,TRUE,TRUE
9202,0,5.90551,0,37.04,20.12,4.47387,2014,spring,3,FALSE,332,FALSE,FALSE
8195,0,5.11811,0,39.92,32,3.80279,2014,spring,3,FALSE,332,FALSE,FALSE
7708,0.0393701,5.11811,0.11811,32,17.24,6.71081,2014,spring,3,FALSE,332,TRUE,TRUE
10398,0,5.11811,0,29.12,13.1,4.69757,2014,spring,3,FALSE,332,TRUE,TRUE
13801,0,3.93701,0,39.02,26.24,5.14495,2014,spring,3,FALSE,332,TRUE,TRUE
12773,0,3.93701,0,31.1,16.16,8.50036,2014,spring,3,FALSE,332,TRUE,TRUE
13304,0,3.93701,0,37.04,26.24,7.82928,2014,spring,3,FALSE,332,TRUE,TRUE
16350,0,3.14961,0,57.02,35.06,5.81603,2014,spring,3,FALSE,332,FALSE,FALSE
12262,0,1.9685,0,44.06,35.96,6.26342,2014,spring,3,FALSE,332,FALSE,FALSE
17231,0,1.1811,0,51.08,35.96,5.36865,2014,spring,3,FALSE,332,TRUE,TRUE
24356,0,0,0,66.02,44.96,4.69757,2014,spring,3,FALSE,332,TRUE,TRUE
15101,0.350394,0,0,55.94,32,5.36865,2014,spring,3,FALSE,332,TRUE,TRUE
10979,0,0,0,32,18.14,14.0927,2014,spring,3,FALSE,332,TRUE,TRUE
16299,0,0,0,46.04,22.1,5.59234,2014,spring,3,FALSE,332,TRUE,TRUE
18053,0,0,0,57.92,42.08,8.94775,2014,spring,3,FALSE,332,FALSE,FALSE
9851,0,0,0,42.08,30.2,7.60558,2014,spring,3,FALSE,332,FALSE,FALSE
12503,0,0,0,35.06,23.18,8.05297,2014,spring,3,FALSE,332,TRUE,TRUE
16679,0,0,0,42.98,28.22,6.9345,2014,spring,3,FALSE,332,TRUE,TRUE
13341,0.92126,0,0,46.04,32,7.1582,2014,spring,3,FALSE,332,TRUE,TRUE
19695,0,0,0,53.96,39.92,8.05297,2014,spring,3,FALSE,332,TRUE,TRUE
20718,0,0,0,51.08,39.02,7.60558,2014,spring,3,FALSE,332,TRUE,TRUE
19880,0,0,0,62.96,41,6.9345,2014,spring,3,FALSE,332,FALSE,FALSE
11740,0,0,0,42.08,27.14,7.38189,2014,spring,3,FALSE,332,FALSE,FALSE
13598,0,0,0,35.06,21.2,6.71081,2014,spring,3,FALSE,332,TRUE,TRUE
16037,0,0,0,39.02,26.24,5.81603,2014,spring,3,FALSE,332,TRUE,TRUE
14500,0,0,0,35.96,24.26,11.8558,2014,spring,3,FALSE,332,TRUE,TRUE
16666,0,0,0,44.06,22.1,6.71081,2014,spring,3,FALSE,332,TRUE,TRUE
18425,0.0393701,0,0,62.06,37.04,5.36865,2014,spring,3,FALSE,332,TRUE,TRUE
4480,1.81102,0,0,59,42.98,10.7373,2014,spring,3,FALSE,332,FALSE,FALSE
7907,0.350394,0,0,48.92,39.02,10.0662,2014,spring,3,FALSE,332,FALSE,FALSE
17085,0.161417,0,0,55.94,35.96,8.27666,2014,spring,3,FALSE,332,TRUE,TRUE
23908,0,0,0,60.08,39.02,4.69757,2014,spring,4,FALSE,332,TRUE,TRUE
22515,0,0,0,53.96,42.08,2.01324,2014,spring,4,FALSE,332,TRUE,TRUE
26321,0.0708661,0,0,66.92,46.04,3.80279,2014,spring,4,FALSE,332,TRUE,TRUE
12566,0.208661,0,0,46.94,39.92,8.50036,2014,spring,4,FALSE,332,TRUE,TRUE
18655,0,0,0,53.96,39.92,8.50036,2014,spring,4,FALSE,332,FALSE,FALSE
20750,0,0,0,60.98,35.96,4.25018,2014,spring,4,FALSE,332,FALSE,FALSE
14677,0.519685,0,0,53.06,42.98,6.03973,2014,spring,4,FALSE,332,TRUE,TRUE
21884,0.338583,0,0,64.04,46.04,6.9345,2014,spring,4,FALSE,332,TRUE,TRUE
26931,0,0,0,60.98,44.96,6.9345,2014,spring,4,FALSE,332,TRUE,TRUE
27463,0,0,0,57.92,42.08,6.9345,2014,spring,4,FALSE,332,TRUE,TRUE
26798,0,0,0,75.02,55.94,5.81603,2014,spring,4,FALSE,332,TRUE,TRUE
27108,0,0,0,73.04,50,4.25018,2014,spring,4,FALSE,332,FALSE,FALSE
26871,0,0,0,77,53.96,5.81603,2014,spring,4,FALSE,332,FALSE,FALSE
28832,0,0,0,75.02,59,7.38189,2014,spring,4,FALSE,332,TRUE,TRUE
10523,0.708661,0,0,62.96,33.08,8.72405,2014,spring,4,FALSE,332,TRUE,TRUE
20082,0.0511811,0,0,48.92,31.1,7.60558,2014,spring,4,FALSE,332,TRUE,TRUE
22282,0,0,0,48.02,35.96,7.82928,2014,spring,4,FALSE,332,TRUE,TRUE
20770,0,0,0,48.92,35.06,5.36865,2014,spring,4,FALSE,332,TRUE,TRUE
24369,0,0,0,68,41,5.59234,2014,spring,4,FALSE,332,FALSE,FALSE
18464,0,0,0,60.08,44.96,6.26342,2014,spring,4,FALSE,332,FALSE,FALSE
27124,0,0,0,66.92,41,4.25018,2014,spring,4,FALSE,332,TRUE,TRUE
27259,0.011811,0,0,71.06,51.08,5.59234,2014,spring,4,FALSE,332,TRUE,TRUE
26949,0,0,0,60.98,44.06,9.39513,2014,spring,4,FALSE,332,TRUE,TRUE
28107,0,0,0,62.06,42.08,8.50036,2014,spring,4,FALSE,332,TRUE,TRUE
27919,0.019685,0,0,62.96,44.06,4.92126,2014,spring,4,FALSE,331,TRUE,TRUE
19899,0.92126,0,0,66.92,46.04,5.36865,2014,spring,4,FALSE,331,FALSE,FALSE
21926,0,0,0,59,46.94,5.81603,2014,spring,4,FALSE,331,FALSE,FALSE
28557,0,0,0,66.92,44.96,4.25018,2014,spring,4,FALSE,330,TRUE,TRUE
18404,0.0314961,0,0,51.98,42.98,8.94775,2014,spring,4,FALSE,330,TRUE,TRUE
2867,4.9685,0,0,51.98,41,8.27666,2014,spring,4,FALSE,330,TRUE,TRUE
26762,0.11811,0,0,78.08,51.08,4.47387,2014,spring,5,FALSE,331,TRUE,TRUE
32377,0,0,0,69.98,55.94,4.47387,2014,spring,5,FALSE,331,TRUE,TRUE
25501,0.0787402,0,0,71.06,53.96,3.3554,2014,spring,5,FALSE,331,FALSE,FALSE
21277,0.019685,0,0,64.94,53.96,8.27666,2014,spring,5,FALSE,331,FALSE,FALSE
30288,0,0,0,69.98,50,7.38189,2014,spring,5,FALSE,331,TRUE,TRUE
32233,0,0,0,71.06,51.98,3.80279,2014,spring,5,FALSE,331,TRUE,TRUE
32882,0,0,0,69.08,50,4.02649,2014,spring,5,FALSE,331,TRUE,TRUE
17619,0.409449,0,0,59,53.06,4.47387,2014,spring,5,FALSE,331,TRUE,TRUE
22641,0.0393701,0,0,62.96,55.04,3.13171,2014,spring,5,FALSE,331,TRUE,TRUE
21832,0.370079,0,0,82.94,57.02,4.47387,2014,spring,5,FALSE,331,FALSE,FALSE
28326,0.0314961,0,0,82.04,60.08,3.13171,2014,spring,5,FALSE,331,FALSE,FALSE
31644,0,0,0,84.92,64.04,1.78955,2014,spring,5,FALSE,331,TRUE,TRUE
32847,0,0,0,73.04,53.06,7.1582,2014,spring,5,FALSE,330,TRUE,TRUE
30044,0.011811,0,0,71.06,51.98,4.69757,2014,spring,5,FALSE,330,TRUE,TRUE
26057,0.149606,0,0,71.06,57.92,5.36865,2014,spring,5,FALSE,330,TRUE,TRUE
17784,1.53937,0,0,68,57.92,6.48712,2014,spring,5,FALSE,330,TRUE,TRUE
29912,0,0,0,69.98,53.06,4.92126,2014,spring,5,FALSE,330,FALSE,FALSE
27436,0,0,0,66.92,51.08,5.81603,2014,spring,5,FALSE,330,FALSE,FALSE
31692,0,0,0,71.96,48.92,4.69757,2014,spring,5,FALSE,330,TRUE,TRUE
35567,0,0,0,78.08,53.06,3.13171,2014,spring,5,FALSE,330,TRUE,TRUE
34420,0,0,0,73.94,62.96,2.46063,2014,spring,5,FALSE,330,TRUE,TRUE
24535,0.240157,0,0,66.92,59,3.13171,2014,spring,5,FALSE,330,TRUE,TRUE
24484,0.909449,0,0,71.06,55.94,4.25018,2014,spring,5,FALSE,329,TRUE,TRUE
16798,0.401575,0,0,69.98,57.02,3.5791,2014,spring,5,FALSE,328,FALSE,FALSE
25637,0,0,0,80.06,55.04,2.01324,2014,spring,5,FALSE,328,FALSE,FALSE
26930,0,0,0,86,66.02,4.92126,2014,spring,5,TRUE,328,TRUE,FALSE
32936,0,0,0,86,64.04,4.25018,2014,spring,5,FALSE,328,TRUE,TRUE
29690,0,0,0,64.04,53.96,7.60558,2014,spring,5,FALSE,328,TRUE,TRUE
33889,0,0,0,66.02,51.08,4.25018,2014,spring,5,FALSE,327,TRUE,TRUE
34343,0,0,0,75.02,55.04,2.46063,2014,spring,5,FALSE,327,TRUE,TRUE
27734,0.0511811,0,0,73.04,57.02,5.81603,2014,spring,5,FALSE,327,FALSE,FALSE
31333,0,0,0,77,55.04,3.5791,2014,summer,6,FALSE,327,FALSE,FALSE
34519,0,0,0,80.06,59,4.47387,2014,summer,6,FALSE,327,TRUE,TRUE
29501,0.11811,0,0,87.08,64.94,4.02649,2014,summer,6,FALSE,327,TRUE,TRUE
36068,0,0,0,82.04,62.96,3.5791,2014,summer,6,FALSE,327,TRUE,TRUE
24619,0.870079,0,0,75.92,60.98,5.59234,2014,summer,6,FALSE,327,TRUE,TRUE
37719,0,0,0,75.92,60.98,4.47387,2014,summer,6,FALSE,327,TRUE,TRUE
31204,0,0,0,82.04,60.08,2.90802,2014,summer,6,FALSE,327,FALSE,FALSE
30162,0,0,0,86,66.02,2.90802,2014,summer,6,FALSE,327,FALSE,FALSE
18611,1.59843,0,0,73.04,62.96,4.25018,2014,summer,6,FALSE,327,TRUE,TRUE
33435,0,0,0,77,64.94,3.3554,2014,summer,6,FALSE,327,TRUE,TRUE
30548,0.019685,0,0,69.98,60.98,7.1582,2014,summer,6,FALSE,328,TRUE,TRUE
29084,0.0708661,0,0,73.04,60.08,5.59234,2014,summer,6,FALSE,328,TRUE,TRUE
18308,1.27953,0,0,78.98,64.94,3.5791,2014,summer,6,FALSE,328,TRUE,TRUE
28417,0,0,0,73.94,60.08,4.69757,2014,summer,6,FALSE,328,FALSE,FALSE
28382,0,0,0,80.06,59,4.25018,2014,summer,6,FALSE,328,FALSE,FALSE
34932,0,0,0,80.96,62.96,2.90802,2014,summer,6,FALSE,328,TRUE,TRUE
35097,0,0,0,89.06,71.06,4.02649,2014,summer,6,FALSE,329,TRUE,TRUE
35531,0,0,0,89.06,75.92,5.81603,2014,summer,6,FALSE,329,TRUE,TRUE
31724,0.149606,0,0,77,68,3.80279,2014,summer,6,FALSE,329,TRUE,TRUE
34405,0,0,0,78.98,64.04,4.47387,2014,summer,6,FALSE,328,TRUE,TRUE
30288,0,0,0,78.08,62.06,4.92126,2014,summer,6,FALSE,328,FALSE,FALSE
29417,0,0,0,78.98,64.04,2.01324,2014,summer,6,FALSE,328,FALSE,FALSE
32580,0,0,0,80.96,64.94,2.68432,2014,summer,6,FALSE,328,TRUE,TRUE
35897,0,0,0,80.96,68,4.92126,2014,summer,6,FALSE,328,TRUE,TRUE
34340,0.0787402,0,0,84.92,69.98,4.92126,2014,summer,6,FALSE,328,TRUE,TRUE
34846,0.0708661,0,0,84.92,69.98,4.69757,2014,summer,6,FALSE,328,TRUE,TRUE
35823,0,0,0,82.94,66.92,2.90802,2014,summer,6,FALSE,328,TRUE,TRUE
28507,0,0,0,87.08,66.02,2.90802,2014,summer,6,FALSE,328,FALSE,FALSE
27986,0,0,0,82.94,68,2.68432,2014,summer,6,FALSE,328,FALSE,FALSE
33597,0,0,0,84.02,69.08,2.68432,2014,summer,6,FALSE,328,TRUE,TRUE
34854,0,0,0,89.06,71.96,5.14495,2014,summer,7,FALSE,328,TRUE,TRUE
26582,0.96063,0,0,91.04,71.96,3.80279,2014,summer,7,FALSE,328,TRUE,TRUE
27587,1.77953,0,0,87.08,69.08,2.90802,2014,summer,7,FALSE,327,TRUE,TRUE
13612,0.141732,0,0,73.94,64.94,5.36865,2014,summer,7,TRUE,327,TRUE,FALSE
22913,0,0,0,80.96,62.96,6.71081,2014,summer,7,FALSE,327,FALSE,FALSE
23822,0,0,0,84.02,66.02,4.92126,2014,summer,7,FALSE,327,FALSE,FALSE
31863,0.0393701,0,0,89.96,71.96,5.81603,2014,summer,7,FALSE,327,TRUE,TRUE
32713,0.389764,0,0,91.04,71.06,4.69757,2014,summer,7,FALSE,327,TRUE,TRUE
34426,0.0905512,0,0,87.98,71.06,4.25018,2014,summer,7,FALSE,327,TRUE,TRUE
36288,0,0,0,82.94,71.96,2.90802,2014,summer,7,FALSE,327,TRUE,TRUE
35000,0,0,0,86,71.06,4.02649,2014,summer,7,FALSE,327,TRUE,TRUE
28718,0,0,0,84.92,71.06,3.3554,2014,summer,7,FALSE,327,FALSE,FALSE
24869,0.0314961,0,0,82.94,71.96,5.14495,2014,summer,7,FALSE,327,FALSE,FALSE
25825,0.46063,0,0,84.02,71.96,4.47387,2014,summer,7,FALSE,327,TRUE,TRUE
22963,1.29921,0,0,86,71.96,2.68432,2014,summer,7,FALSE,327,TRUE,TRUE
35391,0,0,0,80.96,68,3.80279,2014,summer,7,FALSE,327,TRUE,TRUE
38619,0,0,0,80.96,66.92,4.02649,2014,summer,7,FALSE,328,TRUE,TRUE
36105,0,0,0,80.96,64.04,4.02649,2014,summer,7,FALSE,328,TRUE,TRUE
29291,0,0,0,75.92,68,5.14495,2014,summer,7,FALSE,328,FALSE,FALSE
30296,0,0,0,80.06,66.02,4.02649,2014,summer,7,FALSE,328,FALSE,FALSE
35670,0,0,0,84.92,66.92,2.01324,2014,summer,7,FALSE,328,TRUE,TRUE
36886,0,0,0,86,71.06,3.80279,2014,summer,7,FALSE,328,TRUE,TRUE
34173,0.188976,0,0,87.98,71.96,4.92126,2014,summer,7,FALSE,328,TRUE,TRUE
36693,0,0,0,80.06,69.98,4.92126,2014,summer,7,FALSE,328,TRUE,TRUE
36384,0,0,0,82.04,66.02,4.25018,2014,summer,7,FALSE,328,TRUE,TRUE
27179,0,0,0,80.96,69.08,4.25018,2014,summer,7,FALSE,328,FALSE,FALSE
27004,0.019685,0,0,84.92,71.06,3.3554,2014,summer,7,FALSE,328,FALSE,FALSE
33189,0.188976,0,0,82.04,68,7.38189,2014,summer,7,FALSE,328,TRUE,TRUE
37092,0,0,0,75.92,64.04,4.92126,2014,summer,7,FALSE,328,TRUE,TRUE
37377,0,0,0,80.06,62.96,2.90802,2014,summer,7,FALSE,327,TRUE,TRUE
35458,0,0,0,82.04,68,3.3554,2014,summer,7,FALSE,326,TRUE,TRUE
32654,0,0,0,84.02,71.06,3.80279,2014,summer,8,FALSE,326,TRUE,TRUE
26784,0.409449,0,0,73.94,62.96,6.03973,2014,summer,8,FALSE,326,FALSE,FALSE
25276,0.0708661,0,0,75.92,66.02,2.23694,2014,summer,8,FALSE,326,FALSE,FALSE
33822,0,0,0,84.02,69.98,3.3554,2014,summer,8,FALSE,326,TRUE,TRUE
34392,0,0,0,89.96,71.06,2.46063,2014,summer,8,FALSE,326,TRUE,TRUE
36336,0,0,0,82.94,69.98,2.90802,2014,summer,8,FALSE,326,TRUE,TRUE
36362,0,0,0,82.94,66.02,4.25018,2014,summer,8,FALSE,326,TRUE,TRUE
34073,0,0,0,82.94,64.94,3.13171,2014,summer,8,FALSE,326,TRUE,TRUE
31636,0,0,0,87.08,66.02,2.90802,2014,summer,8,FALSE,326,FALSE,FALSE
26749,0,0,0,87.98,68,2.90802,2014,summer,8,FALSE,326,FALSE,FALSE
33664,0,0,0,87.08,71.06,3.13171,2014,summer,8,FALSE,327,TRUE,TRUE
26261,0.188976,0,0,78.98,69.98,5.81603,2014,summer,8,FALSE,327,TRUE,TRUE
27977,0.531496,0,0,82.04,68,5.59234,2014,summer,8,FALSE,327,TRUE,TRUE
35154,0,0,0,77,62.96,4.69757,2014,summer,8,FALSE,327,TRUE,TRUE
32480,0,0,0,73.04,60.98,5.36865,2014,summer,8,FALSE,326,TRUE,TRUE
32017,0,0,0,78.08,62.96,4.02649,2014,summer,8,FALSE,326,FALSE,FALSE
27417,0.011811,0,0,82.04,66.02,3.5791,2014,summer,8,FALSE,326,FALSE,FALSE
34339,0,0,0,80.96,62.96,4.47387,2014,summer,8,FALSE,325,TRUE,TRUE
35367,0,0,0,82.94,62.96,3.80279,2014,summer,8,FALSE,325,TRUE,TRUE
35532,0,0,0,84.02,69.98,2.23694,2014,summer,8,FALSE,325,TRUE,TRUE
33804,0.350394,0,0,82.94,64.94,3.5791,2014,summer,8,FALSE,325,TRUE,TRUE
30406,0.0590551,0,0,78.98,64.94,4.69757,2014,summer,8,FALSE,325,TRUE,TRUE
26429,0.011811,0,0,77,66.92,4.69757,2014,summer,8,FALSE,325,FALSE,FALSE
27493,0,0,0,80.06,64.04,3.13171,2014,summer,8,FALSE,325,FALSE,FALSE
32892,0,0,0,87.98,64.04,2.68432,2014,summer,8,FALSE,326,TRUE,TRUE
34519,0,0,0,89.06,69.98,2.23694,2014,summer,8,FALSE,326,TRUE,TRUE
33721,0,0,0,89.96,69.98,3.3554,2014,summer,8,FALSE,326,TRUE,TRUE
33927,0,0,0,82.04,66.02,5.36865,2014,summer,8,FALSE,326,TRUE,TRUE
31264,0,0,0,80.06,60.98,3.3554,2014,summer,8,FALSE,326,TRUE,TRUE
22689,0,0,0,80.06,64.94,2.23694,2014,summer,8,FALSE,326,FALSE,FALSE
18053,0.61811,0,0,89.96,73.04,3.3554,2014,summer,8,FALSE,326,FALSE,FALSE
23575,0,0,0,87.98,75.02,2.90802,2014,fall,9,TRUE,326,TRUE,FALSE
30507,0,0,0,91.94,77,5.36865,2014,fall,9,FALSE,326,TRUE,TRUE
35535,0,0,0,86,71.96,3.3554,2014,fall,9,FALSE,326,TRUE,TRUE
36496,0,0,0,87.08,69.08,2.68432,2014,fall,9,FALSE,326,TRUE,TRUE
34831,0,0,0,87.08,71.96,2.90802,2014,fall,9,FALSE,326,TRUE,TRUE
25833,0.110236,0,0,91.04,66.92,4.69757,2014,fall,9,FALSE,326,FALSE,FALSE
29721,0,0,0,80.96,64.94,4.69757,2014,fall,9,FALSE,326,FALSE,FALSE
34335,0,0,0,75.02,64.94,7.60558,2014,fall,9,FALSE,326,TRUE,TRUE
34518,0,0,0,73.04,62.96,7.82928,2014,fall,9,FALSE,326,TRUE,TRUE
37653,0,0,0,80.06,62.96,5.81603,2014,fall,9,FALSE,326,TRUE,TRUE
37081,0,0,0,82.94,69.08,4.69757,2014,fall,9,FALSE,326,TRUE,TRUE
37204,0,0,0,78.08,62.06,5.14495,2014,fall,9,FALSE,325,TRUE,TRUE
17293,0.259843,0,0,69.08,57.92,5.14495,2014,fall,9,FALSE,325,FALSE,FALSE
28688,0,0,0,71.06,53.06,3.13171,2014,fall,9,FALSE,325,FALSE,FALSE
35045,0,0,0,71.06,55.04,2.90802,2014,fall,9,FALSE,326,TRUE,TRUE
25633,0.370079,0,0,69.98,57.92,2.23694,2014,fall,9,FALSE,326,TRUE,TRUE
37453,0,0,0,73.04,55.04,2.68432,2014,fall,9,FALSE,327,TRUE,TRUE
37381,0,0,0,75.92,57.02,2.68432,2014,fall,9,FALSE,327,TRUE,TRUE
34713,0,0,0,66.02,53.96,7.60558,2014,fall,9,FALSE,327,TRUE,TRUE
30011,0,0,0,75.02,57.02,2.90802,2014,fall,9,FALSE,327,FALSE,FALSE
26080,0.149606,0,0,75.02,66.92,1.56586,2014,fall,9,FALSE,327,FALSE,FALSE
33239,0,0,0,71.06,55.04,6.71081,2014,fall,9,FALSE,327,TRUE,TRUE
36347,0,0,0,71.06,51.98,1.78955,2014,fall,9,FALSE,327,TRUE,TRUE
35481,0,0,0,71.06,57.92,5.59234,2014,fall,9,FALSE,328,TRUE,TRUE
16650,0.318898,0,0,64.04,57.02,8.27666,2014,fall,9,FALSE,328,TRUE,TRUE
35116,0,0,0,77,57.92,4.25018,2014,fall,9,FALSE,328,TRUE,TRUE
30193,0,0,0,82.94,60.08,2.46063,2014,fall,9,FALSE,328,FALSE,FALSE
29021,0,0,0,84.02,64.04,1.78955,2014,fall,9,FALSE,328,FALSE,FALSE
33161,0,0,0,78.98,66.92,0.671081,2014,fall,9,FALSE,328,TRUE,TRUE
35093,0,0,0,71.06,62.06,4.69757,2014,fall,9,FALSE,328,TRUE,TRUE
27942,0.019685,0,0,64.94,60.98,6.03973,2014,fall,10,FALSE,328,TRUE,TRUE
34492,0,0,0,69.98,60.98,4.69757,2014,fall,10,FALSE,328,TRUE,TRUE
34944,0,0,0,71.06,55.94,4.25018,2014,fall,10,FALSE,328,TRUE,TRUE
13354,1.1811,0,0,69.08,51.98,6.71081,2014,fall,10,FALSE,328,FALSE,FALSE
23456,0,0,0,60.98,46.04,5.59234,2014,fall,10,FALSE,328,FALSE,FALSE
31742,0,0,0,69.08,50,3.80279,2014,fall,10,FALSE,328,TRUE,TRUE
32892,0.0590551,0,0,71.06,62.96,4.69757,2014,fall,10,FALSE,328,TRUE,TRUE
33607,0.0393701,0,0,73.04,62.06,7.1582,2014,fall,10,FALSE,328,TRUE,TRUE
32203,0,0,0,68,55.04,5.59234,2014,fall,10,FALSE,328,TRUE,TRUE
30887,0,0,0,64.04,51.98,2.23694,2014,fall,10,FALSE,328,TRUE,TRUE
12965,0.330709,0,0,60.08,50,4.47387,2014,fall,10,FALSE,328,FALSE,FALSE
23394,0,0,0,62.96,48.02,2.68432,2014,fall,10,FALSE,328,FALSE,FALSE
22752,0.0511811,0,0,64.94,51.98,2.68432,2014,fall,10,FALSE,328,TRUE,TRUE
32614,0,0,0,75.92,62.96,4.69757,2014,fall,10,FALSE,328,TRUE,TRUE
28743,0.688976,0,0,77,69.08,5.14495,2014,fall,10,FALSE,328,TRUE,TRUE
26754,1.11024,0,0,71.06,60.98,4.02649,2014,fall,10,FALSE,328,TRUE,TRUE
34132,0,0,0,71.06,59,4.47387,2014,fall,10,FALSE,328,TRUE,TRUE
24978,0,0,0,69.98,55.94,6.26342,2014,fall,10,FALSE,328,FALSE,FALSE
18840,0,0,0,55.94,44.06,7.60558,2014,fall,10,FALSE,328,FALSE,FALSE
27914,0,0,0,60.08,42.08,3.80279,2014,fall,10,FALSE,328,TRUE,TRUE
31330,0.110236,0,0,66.92,55.04,3.5791,2014,fall,10,FALSE,328,TRUE,TRUE
9169,1.51181,0,0,57.92,50,9.39513,2014,fall,10,FALSE,328,TRUE,TRUE
13371,0.610236,0,0,53.06,50,7.60558,2014,fall,10,FALSE,328,TRUE,TRUE
29837,0,0,0,62.96,51.08,4.47387,2014,fall,10,FALSE,328,TRUE,TRUE
24952,0.011811,0,0,66.92,50,5.81603,2014,fall,10,FALSE,328,FALSE,FALSE
20768,0,0,0,62.96,53.06,7.82928,2014,fall,10,FALSE,328,FALSE,FALSE
28806,0,0,0,62.96,48.02,5.14495,2014,fall,10,FALSE,328,TRUE,TRUE
32956,0,0,0,71.96,53.06,2.90802,2014,fall,10,FALSE,328,TRUE,TRUE
29999,0,0,0,71.96,51.08,4.92126,2014,fall,10,FALSE,328,TRUE,TRUE
31133,0,0,0,59,46.94,3.5791,2014,fall,10,FALSE,329,TRUE,TRUE
27785,0.0511811,0,0,55.04,44.96,6.48712,2014,fall,10,FALSE,328,TRUE,TRUE
6002,0.350394,0,0,46.94,42.08,8.94775,2014,fall,11,FALSE,328,FALSE,FALSE
14100,0,0,0,48.02,41,10.7373,2014,fall,11,FALSE,328,FALSE,FALSE
26757,0,0,0,60.98,39.02,5.81603,2014,fall,11,FALSE,328,TRUE,TRUE
31174,0,0,0,68,53.06,4.69757,2014,fall,11,FALSE,328,TRUE,TRUE
30539,0,0,0,64.04,55.94,4.47387,2014,fall,11,FALSE,328,TRUE,TRUE
12283,0.370079,0,0,57.02,48.02,3.13171,2014,fall,11,FALSE,328,TRUE,TRUE
25355,0,0,0,53.06,39.92,7.38189,2014,fall,11,FALSE,328,TRUE,TRUE
17443,0,0,0,48.02,35.96,6.03973,2014,fall,11,FALSE,328,FALSE,FALSE
18207,0,0,0,57.02,46.04,2.68432,2014,fall,11,FALSE,327,FALSE,FALSE
27655,0,0,0,60.98,44.06,2.46063,2014,fall,11,FALSE,327,TRUE,TRUE
29358,0,0,0,64.04,48.92,3.3554,2014,fall,11,FALSE,328,TRUE,TRUE
27807,0,0,0,64.94,46.94,2.68432,2014,fall,11,FALSE,329,TRUE,TRUE
20652,0.200787,0,0,48.02,35.96,3.5791,2014,fall,11,FALSE,329,TRUE,TRUE
21082,0.0590551,0,0,42.08,35.06,7.1582,2014,fall,11,FALSE,329,TRUE,TRUE
14057,0,0,0,42.08,33.08,3.5791,2014,fall,11,FALSE,329,FALSE,FALSE
13272,0.0314961,0,0,44.96,35.06,3.80279,2014,fall,11,FALSE,329,FALSE,FALSE
8116,1.53937,0,0,51.98,39.92,3.80279,2014,fall,11,FALSE,329,TRUE,TRUE
16691,0,0,0,44.96,24.26,10.0662,2014,fall,11,FALSE,329,TRUE,TRUE
16694,0,0,0,35.96,22.1,7.1582,2014,fall,11,FALSE,329,TRUE,TRUE
20611,0,0,0,44.96,31.1,7.1582,2014,fall,11,FALSE,329,TRUE,TRUE
17806,0,0,0,37.04,28.22,7.60558,2014,fall,11,FALSE,329,TRUE,TRUE
12682,0,0,0,44.06,28.22,4.92126,2014,fall,11,FALSE,329,FALSE,FALSE
15669,0,0,0,57.02,42.98,3.80279,2014,fall,11,FALSE,329,FALSE,FALSE
23031,0.700787,0,0,69.08,53.06,5.36865,2014,fall,11,FALSE,329,TRUE,TRUE
25580,0,0,0,68,51.08,5.14495,2014,fall,11,FALSE,329,TRUE,TRUE
3675,1.24016,0,0.19685,51.08,33.98,8.72405,2014,fall,11,FALSE,329,TRUE,TRUE
3945,0.019685,0,0,37.94,33.98,5.14495,2014,fall,11,TRUE,329,TRUE,FALSE
8378,0,0,0,37.04,29.12,5.81603,2014,fall,11,TRUE,329,TRUE,FALSE
8183,0,0,0,44.96,27.14,3.5791,2014,fall,11,FALSE,329,FALSE,FALSE
12384,0,0,0,55.04,44.96,4.25018,2014,fall,11,FALSE,329,FALSE,FALSE
18519,0.0905512,0,0,64.94,42.08,6.71081,2014,winter,12,FALSE,329,TRUE,TRUE
15367,0.0787402,0,0,42.98,35.06,9.17144,2014,winter,12,FALSE,329,TRUE,TRUE
13472,0.0590551,0,0,46.04,41,7.60558,2014,winter,12,FALSE,329,TRUE,TRUE
21335,0,0,0,44.96,37.04,5.81603,2014,winter,12,FALSE,329,TRUE,TRUE
15818,0.511811,0,0,44.06,33.98,6.03973,2014,winter,12,FALSE,329,TRUE,TRUE
4047,1.22047,0,0,50,39.02,4.02649,2014,winter,12,FALSE,329,FALSE,FALSE
10510,0.0393701,0,0,42.08,30.2,11.8558,2014,winter,12,FALSE,329,FALSE,FALSE
15557,0,0,0,37.04,24.26,11.4084,2014,winter,12,FALSE,329,TRUE,TRUE
6713,2.53937,0,0,42.08,35.96,10.2899,2014,winter,12,FALSE,329,TRUE,TRUE
10399,0.0787402,0,0.984252,39.92,32,8.27666,2014,winter,12,FALSE,329,TRUE,TRUE
18141,0.011811,1.1811,0,37.94,31.1,7.60558,2014,winter,12,FALSE,329,TRUE,TRUE
17892,0,0,0,37.94,32,8.05297,2014,winter,12,FALSE,328,TRUE,TRUE
12549,0,0,0,44.06,33.98,8.94775,2014,winter,12,FALSE,328,FALSE,FALSE
11941,0,0,0,46.04,37.94,6.03973,2014,winter,12,FALSE,328,FALSE,FALSE
19382,0,0,0,48.02,37.04,2.68432,2014,winter,12,FALSE,328,TRUE,TRUE
16816,0.200787,0,0,48.92,37.94,3.80279,2014,winter,12,FALSE,328,TRUE,TRUE
20346,0.019685,0,0,53.96,42.08,5.81603,2014,winter,12,FALSE,329,TRUE,TRUE
19051,0,0,0,42.08,37.04,8.72405,2014,winter,12,FALSE,330,TRUE,TRUE
17200,0,0,0,37.94,31.1,7.1582,2014,winter,12,FALSE,329,TRUE,TRUE
9582,0,0,0,33.08,30.2,4.92126,2014,winter,12,FALSE,329,FALSE,FALSE
8747,0,0,0,35.96,31.1,4.92126,2014,winter,12,FALSE,329,FALSE,FALSE
13560,0.0393701,0,0,44.06,35.06,6.03973,2014,winter,12,FALSE,330,TRUE,TRUE
9422,0.161417,0,0,46.04,42.98,8.27666,2014,winter,12,FALSE,330,TRUE,TRUE
4285,0.799213,0,0,57.92,44.06,5.81603,2014,winter,12,TRUE,330,TRUE,FALSE
4890,0.0905512,0,0,62.06,44.06,9.61883,2014,winter,12,TRUE,330,TRUE,FALSE
9895,0,0,0,50,39.92,5.81603,2014,winter,12,FALSE,330,TRUE,TRUE
10247,0,0,0,55.04,44.06,4.47387,2014,winter,12,FALSE,330,FALSE,FALSE
7902,0.0984252,0,0,53.96,42.98,5.81603,2014,winter,12,FALSE,330,FALSE,FALSE
13549,0,0,0,44.06,33.98,5.14495,2014,winter,12,FALSE,330,TRUE,TRUE
12196,0,0,0,33.98,28.22,4.25018,2014,winter,12,FALSE,330,TRUE,TRUE
9739,0,0,0,32,27.14,5.59234,2014,winter,12,FALSE,330,TRUE,TRUE
5317,0,0,0,39.02,27.14,7.1582,2015,winter,1,TRUE,330,TRUE,FALSE
11304,0,0,0,42.08,35.06,7.1582,2015,winter,1,FALSE,330,TRUE,TRUE
4478,0.708661,0,0,42.08,33.08,6.48712,2015,winter,1,FALSE,330,FALSE,FALSE
7849,0.299213,0,0,55.94,41,6.48712,2015,winter,1,FALSE,330,FALSE,FALSE
14506,0,0,0,48.92,21.2,10.5136,2015,winter,1,FALSE,330,TRUE,TRUE
8739,0.0511811,0,0.984252,22.1,19.22,4.02649,2015,winter,1,FALSE,330,TRUE,TRUE
9646,0,1.1811,0,23.18,9.14,12.7505,2015,winter,1,FALSE,330,TRUE,TRUE
8779,0,0,0,21.2,8.24,8.72405,2015,winter,1,FALSE,330,TRUE,TRUE
7930,0.0708661,0,1.49606,33.08,19.22,8.72405,2015,winter,1,FALSE,330,TRUE,TRUE
6109,0,1.1811,0,23.18,16.16,8.05297,2015,winter,1,FALSE,330,FALSE,FALSE
7467,0,1.1811,0,37.04,18.14,6.03973,2015,winter,1,FALSE,330,FALSE,FALSE
8645,0.358268,0,0,39.02,35.06,3.80279,2015,winter,1,FALSE,330,TRUE,TRUE
12797,0,0,0,35.96,17.24,8.50036,2015,winter,1,FALSE,330,TRUE,TRUE
13086,0,0,0,32,16.16,6.26342,2015,winter,1,FALSE,330,TRUE,TRUE
14075,0,0,0,35.06,25.16,4.69757,2015,winter,1,FALSE,330,TRUE,TRUE
13843,0,0,0,42.98,20.12,9.84252,2015,winter,1,FALSE,330,TRUE,TRUE
7491,0,0,0,32,17.24,6.03973,2015,winter,1,FALSE,330,FALSE,FALSE
1795,2.09843,0,0,42.08,31.1,3.80279,2015,winter,1,FALSE,330,FALSE,FALSE
10710,0,0,0,42.08,35.96,7.60558,2015,winter,1,TRUE,330,TRUE,FALSE
16129,0,0,0,39.92,32,5.81603,2015,winter,1,FALSE,330,TRUE,TRUE
15234,0,0,0,35.96,25.16,4.25018,2015,winter,1,FALSE,330,TRUE,TRUE
15864,0,0,0,39.92,31.1,5.59234,2015,winter,1,FALSE,330,TRUE,TRUE
15737,0,0,0,39.02,28.22,5.59234,2015,winter,1,FALSE,330,TRUE,TRUE
4814,0.720472,3.14961,3.58268,39.02,33.08,6.03973,2015,winter,1,FALSE,330,FALSE,FALSE
9379,0,1.9685,0,42.08,31.1,6.26342,2015,winter,1,FALSE,330,FALSE,FALSE
4141,0.480315,1.9685,5.51181,31.1,22.1,12.7505,2015,winter,1,FALSE,330,TRUE,TRUE
1214,0.358268,7.87402,4.29134,30.2,20.12,8.27666,2015,winter,1,FALSE,330,TRUE,TRUE
5401,0,7.87402,0,33.98,16.16,7.60558,2015,winter,1,FALSE,330,TRUE,TRUE
8870,0.019685,5.90551,0,35.96,19.22,3.80279,2015,winter,1,FALSE,330,TRUE,TRUE
9015,0.0590551,7.08661,0.984252,37.94,19.22,10.5136,2015,winter,1,FALSE,330,TRUE,TRUE
5188,0,7.08661,0,26.24,13.1,12.3031,2015,winter,1,FALSE,330,FALSE,FALSE
6441,0.0314961,5.90551,0.314961,35.96,20.12,3.80279,2015,winter,2,FALSE,330,FALSE,FALSE
1459,1.01969,7.08661,5,33.98,14.18,9.84252,2015,winter,2,FALSE,330,TRUE,TRUE
4754,0,7.87402,0,26.24,13.1,7.1582,2015,winter,2,FALSE,330,TRUE,TRUE
8973,0,7.87402,0,42.98,24.26,4.25018,2015,winter,2,FALSE,330,TRUE,TRUE
9208,0,7.87402,0,42.08,14.18,8.50036,2015,winter,2,FALSE,330,TRUE,TRUE
8575,0,7.87402,0,27.14,12.2,7.1582,2015,winter,2,FALSE,330,TRUE,TRUE
6790,0.019685,7.87402,0,39.92,25.16,3.80279,2015,winter,2,FALSE,330,FALSE,FALSE
6662,0,7.87402,0,37.04,29.12,8.50036,2015,winter,2,FALSE,330,FALSE,FALSE
5160,0.0905512,7.87402,0,29.12,25.16,10.961,2015,winter,2,FALSE,330,TRUE,TRUE
10328,0.011811,7.87402,0.11811,39.92,26.24,10.5136,2015,winter,2,FALSE,330,TRUE,TRUE
11439,0,7.87402,0,33.98,22.1,6.48712,2015,winter,2,FALSE,330,TRUE,TRUE
11269,0,7.87402,0,39.92,16.16,7.38189,2015,winter,2,FALSE,330,TRUE,TRUE
7642,0,7.87402,0,21.2,8.24,9.17144,2015,winter,2,FALSE,330,TRUE,TRUE
4614,0.019685,7.87402,0.905512,32,16.16,5.36865,2015,winter,2,FALSE,330,FALSE,FALSE
2581,0,9.05512,0,25.16,4.1,14.5401,2015,winter,2,FALSE,330,FALSE,FALSE
3998,0,9.05512,0,21.2,3.2,6.9345,2015,winter,2,TRUE,330,TRUE,FALSE
4784,0.141732,11.811,3.30709,27.14,14.18,4.69757,2015,winter,2,FALSE,330,TRUE,TRUE
9170,0,9.05512,0,33.08,19.22,4.25018,2015,winter,2,FALSE,330,TRUE,TRUE
7799,0,9.05512,0,27.14,8.24,11.4084,2015,winter,2,FALSE,329,TRUE,TRUE
6159,0,9.05512,0,19.22,2.12,10.2899,2015,winter,2,FALSE,328,TRUE,TRUE
3157,0.610236,9.05512,2.99213,32,13.1,4.47387,2015,winter,2,FALSE,328,FALSE,FALSE
4274,0.0984252,12.9921,0.984252,42.98,32,2.90802,2015,winter,2,FALSE,328,FALSE,FALSE
7458,0,11.811,0,37.94,8.24,11.1847,2015,winter,2,FALSE,328,TRUE,TRUE
7402,0,11.811,0,24.26,4.1,5.81603,2015,winter,2,FALSE,328,TRUE,TRUE
10751,0,11.811,0,37.04,20.12,6.48712,2015,winter,2,FALSE,328,TRUE,TRUE
9901,0,11.0236,0,32,21.2,7.1582,2015,winter,2,FALSE,328,TRUE,TRUE
9864,0,11.0236,0,30.2,18.14,6.03973,2015,winter,2,FALSE,328,TRUE,TRUE
6318,0,11.0236,0,29.12,13.1,3.5791,2015,winter,2,FALSE,328,FALSE,FALSE
2879,0.519685,9.84252,4.80315,31.1,24.26,2.23694,2015,spring,3,FALSE,328,FALSE,FALSE
7283,0,14.9606,0,39.02,27.14,8.05297,2015,spring,3,FALSE,328,TRUE,TRUE
6533,0.669291,14.1732,1.81102,37.04,22.1,4.92126,2015,spring,3,FALSE,328,TRUE,TRUE
7514,0.251969,12.9921,0,44.96,35.06,6.03973,2015,spring,3,FALSE,328,TRUE,TRUE
1637,0.759843,12.9921,7.51969,39.92,19.22,5.81603,2015,spring,3,FALSE,328,TRUE,TRUE
5162,0,18.8976,0,27.14,12.2,6.26342,2015,spring,3,FALSE,328,TRUE,TRUE
5590,0,18.1102,0,37.94,18.14,5.14495,2015,spring,3,FALSE,328,FALSE,FALSE
7898,0,16.1417,0,48.92,37.04,5.14495,2015,spring,3,FALSE,328,FALSE,FALSE
14878,0.011811,12.9921,0,53.96,39.92,4.69757,2015,spring,3,FALSE,328,TRUE,TRUE
11781,0.46063,11.0236,0,53.06,39.02,3.5791,2015,spring,3,FALSE,328,TRUE,TRUE
19561,0.011811,5.90551,0,59,44.06,6.9345,2015,spring,3,FALSE,328,TRUE,TRUE
17530,0,3.93701,0,46.94,35.96,8.27666,2015,spring,3,FALSE,328,TRUE,TRUE
16145,0,1.9685,0,42.98,31.1,6.48712,2015,spring,3,FALSE,328,TRUE,TRUE
3906,0.811024,1.1811,0,51.08,39.92,5.59234,2015,spring,3,FALSE,328,FALSE,FALSE
8838,0,0,0,44.06,35.96,11.4084,2015,spring,3,FALSE,328,FALSE,FALSE
16787,0,0,0,51.98,35.06,3.80279,2015,spring,3,FALSE,328,TRUE,TRUE
14857,0.019685,0,0,57.02,33.98,9.61883,2015,spring,3,FALSE,328,TRUE,TRUE
13842,0,0,0,39.02,29.12,9.61883,2015,spring,3,FALSE,328,TRUE,TRUE
15446,0,0,0,42.98,29.12,5.81603,2015,spring,3,FALSE,328,TRUE,TRUE
8052,0.401575,0,4.48819,37.94,29.12,7.82928,2015,spring,3,FALSE,328,TRUE,TRUE
9338,0,5.11811,0,46.94,29.12,5.36865,2015,spring,3,FALSE,328,FALSE,FALSE
9676,0,0,0,42.98,28.22,7.60558,2015,spring,3,FALSE,328,FALSE,FALSE
13538,0,0,0,37.94,23.18,6.71081,2015,spring,3,FALSE,328,TRUE,TRUE
16166,0,0,0,44.96,26.24,4.02649,2015,spring,3,FALSE,328,TRUE,TRUE
14670,0.0511811,0,0,48.92,33.98,4.47387,2015,spring,3,FALSE,328,TRUE,TRUE
14954,0.318898,0,0,62.06,42.08,2.90802,2015,spring,3,FALSE,327,TRUE,TRUE
14107,0.271654,0,0,46.04,39.02,4.25018,2015,spring,3,FALSE,327,TRUE,TRUE
1107,0,0,0,39.92,26.24,7.60558,2015,spring,3,FALSE,327,FALSE,FALSE
9826,0,0,0,46.04,25.16,6.26342,2015,spring,3,FALSE,328,FALSE,FALSE
18075,0,0,0,53.96,35.96,7.82928,2015,spring,3,FALSE,328,TRUE,TRUE
14250,0.169291,0,0,46.94,35.06,5.36865,2015,spring,3,FALSE,328,TRUE,TRUE
20146,0,0,0,51.08,32,5.14495,2015,spring,4,FALSE,328,TRUE,TRUE
24227,0,0,0,66.92,41,6.26342,2015,spring,4,FALSE,328,TRUE,TRUE
14774,0.0393701,0,0,64.04,59,6.71081,2015,spring,4,FALSE,328,TRUE,TRUE
14355,0.011811,0,0,60.08,42.08,10.0662,2015,spring,4,FALSE,328,FALSE,FALSE
13799,0,0,0,60.98,42.08,4.92126,2015,spring,4,FALSE,328,FALSE,FALSE
23391,0,0,0,62.96,42.08,4.25018,2015,spring,4,FALSE,328,TRUE,TRUE
16262,0.149606,0,0,62.06,42.08,6.9345,2015,spring,4,FALSE,328,TRUE,TRUE
17872,0,0,0,44.96,37.04,11.4084,2015,spring,4,FALSE,328,TRUE,TRUE
16546,0,0,0,42.98,37.04,8.94775,2015,spring,4,FALSE,328,TRUE,TRUE
16317,0.169291,0,0,55.94,39.02,4.69757,2015,spring,4,FALSE,328,TRUE,TRUE
18643,0,0,0,57.02,44.06,8.72405,2015,spring,4,FALSE,328,FALSE,FALSE
19954,0,0,0,66.02,42.98,3.3554,2015,spring,4,FALSE,328,FALSE,FALSE
24925,0,0,0,68,50,4.69757,2015,spring,4,FALSE,328,TRUE,TRUE
22703,0.011811,0,0,64.94,55.04,3.80279,2015,spring,4,FALSE,328,TRUE,TRUE
27594,0,0,0,71.96,51.08,6.26342,2015,spring,4,FALSE,327,TRUE,TRUE
27180,0,0,0,64.04,51.98,6.48712,2015,spring,4,FALSE,328,TRUE,TRUE
24175,0.0787402,0,0,71.06,55.04,5.14495,2015,spring,4,FALSE,328,TRUE,TRUE
28174,0,0,0,80.06,59,4.25018,2015,spring,4,FALSE,328,FALSE,FALSE
21475,0,0,0,64.04,48.02,8.50036,2015,spring,4,FALSE,328,FALSE,FALSE
11202,1.37008,0,0,57.02,46.04,7.38189,2015,spring,4,FALSE,328,TRUE,TRUE
24868,0.200787,0,0,64.94,51.98,6.03973,2015,spring,4,FALSE,328,TRUE,TRUE
21997,0.0511811,0,0,69.08,48.02,6.48712,2015,spring,4,FALSE,329,TRUE,TRUE
22074,0,0,0,51.98,41,9.17144,2015,spring,4,FALSE,329,TRUE,TRUE
20981,0,0,0,51.98,39.02,8.50036,2015,spring,4,FALSE,327,TRUE,TRUE
21082,0,0,0,62.06,37.94,5.59234,2015,spring,4,FALSE,327,FALSE,FALSE
21594,0,0,0,64.04,46.04,5.14495,2015,spring,4,FALSE,327,FALSE,FALSE
25501,0,0,0,62.06,48.92,5.81603,2015,spring,4,FALSE,327,TRUE,TRUE
29795,0,0,0,71.06,50,7.82928,2015,spring,4,FALSE,327,TRUE,TRUE
31532,0,0,0,78.08,50,5.59234,2015,spring,4,FALSE,327,TRUE,TRUE
29252,0,0,0,66.92,48.02,8.05297,2015,spring,4,FALSE,327,TRUE,TRUE
27924,0,0,0,62.96,48.92,5.14495,2015,spring,5,FALSE,327,TRUE,TRUE
25743,0,0,0,73.94,48.02,2.90802,2015,spring,5,FALSE,327,FALSE,FALSE
27694,0,0,0,80.06,51.08,2.46063,2015,spring,5,FALSE,327,FALSE,FALSE
32066,0,0,0,84.92,57.02,5.36865,2015,spring,5,FALSE,327,TRUE,TRUE
33012,0,0,0,84.92,66.02,4.02649,2015,spring,5,FALSE,328,TRUE,TRUE
30313,0,0,0,73.04,59,4.92126,2015,spring,5,FALSE,328,TRUE,TRUE
34871,0,0,0,80.06,55.94,2.23694,2015,spring,5,FALSE,328,TRUE,TRUE
34304,0,0,0,82.04,55.94,2.90802,2015,spring,5,FALSE,328,TRUE,TRUE
24329,0,0,0,69.98,57.02,4.25018,2015,spring,5,FALSE,328,FALSE,FALSE
26573,0,0,0,82.94,60.98,3.5791,2015,spring,5,FALSE,328,FALSE,FALSE
32382,0,0,0,84.02,69.98,3.80279,2015,spring,5,FALSE,328,TRUE,TRUE
35225,0,0,0,86,64.04,5.36865,2015,spring,5,FALSE,328,TRUE,TRUE
33402,0,0,0,69.98,53.06,7.38189,2015,spring,5,FALSE,327,TRUE,TRUE
40826,0,0,0,73.04,50,3.80279,2015,spring,5,FALSE,326,TRUE,TRUE
34945,0,0,0,75.02,55.04,3.3554,2015,spring,5,FALSE,326,TRUE,TRUE
23882,0.299213,0,0,75.02,57.02,2.01324,2015,spring,5,FALSE,327,FALSE,FALSE
30969,0.019685,0,0,82.94,64.04,2.01324,2015,spring,5,FALSE,327,FALSE,FALSE
31559,0,0,0,75.02,60.08,4.69757,2015,spring,5,FALSE,327,TRUE,TRUE
33895,0,0,0,80.06,59,2.46063,2015,spring,5,FALSE,327,TRUE,TRUE
33823,0,0,0,66.92,53.96,6.9345,2015,spring,5,FALSE,327,TRUE,TRUE
31214,0,0,0,62.06,51.98,2.68432,2015,spring,5,FALSE,327,TRUE,TRUE
31891,0,0,0,73.94,55.04,6.03973,2015,spring,5,FALSE,327,TRUE,TRUE
23910,0,0,0,69.98,48.92,4.47387,2015,spring,5,FALSE,327,FALSE,FALSE
25151,0,0,0,80.96,55.94,3.80279,2015,spring,5,FALSE,327,FALSE,FALSE
28164,0,0,0,84.92,64.04,4.92126,2015,spring,5,TRUE,327,TRUE,FALSE
35786,0,0,0,87.98,66.92,5.14495,2015,spring,5,FALSE,327,TRUE,TRUE
33710,0.0787402,0,0,84.92,69.98,5.14495,2015,spring,5,FALSE,327,TRUE,TRUE
35934,0,0,0,84.92,69.98,4.02649,2015,spring,5,FALSE,327,TRUE,TRUE
37756,0,0,0,84.92,64.94,4.02649,2015,spring,5,FALSE,326,TRUE,TRUE
31147,0,0,0,84.92,66.92,5.59234,2015,spring,5,FALSE,326,FALSE,FALSE
19586,1.46063,0,0,87.08,57.02,5.59234,2015,spring,5,FALSE,326,FALSE,FALSE
15283,0.720472,0,0,57.92,51.08,10.2899,2015,summer,6,FALSE,327,TRUE,TRUE
11984,0.370079,0,0,55.04,50,6.26342,2015,summer,6,FALSE,327,TRUE,TRUE
34590,0,0,0,69.98,51.98,4.69757,2015,summer,6,FALSE,327,TRUE,TRUE
32772,0,0,0,64.94,53.96,5.14495,2015,summer,6,FALSE,327,TRUE,TRUE
31294,0.129921,0,0,69.98,55.04,2.90802,2015,summer,6,FALSE,326,TRUE,TRUE
26334,0.188976,0,0,75.92,60.08,4.69757,2015,summer,6,FALSE,326,FALSE,FALSE
30773,0,0,0,73.94,55.04,3.80279,2015,summer,6,FALSE,326,FALSE,FALSE
33585,0.0590551,0,0,78.98,62.96,6.03973,2015,summer,6,FALSE,326,TRUE,TRUE
35412,0.011811,0,0,82.94,68,4.92126,2015,summer,6,FALSE,327,TRUE,TRUE
39350,0,0,0,82.04,64.94,3.13171,2015,summer,6,FALSE,326,TRUE,TRUE
37400,0,0,0,89.06,71.96,4.47387,2015,summer,6,FALSE,325,TRUE,TRUE
35136,0,0,0,87.98,73.04,4.47387,2015,summer,6,FALSE,326,TRUE,TRUE
29980,0,0,0,86,71.96,5.36865,2015,summer,6,FALSE,326,FALSE,FALSE
28184,0.358268,0,0,87.98,66.02,2.68432,2015,summer,6,FALSE,326,FALSE,FALSE
25087,0.570866,0,0,82.94,64.04,4.69757,2015,summer,6,FALSE,325,TRUE,TRUE
32147,0.271654,0,0,78.98,64.94,2.23694,2015,summer,6,FALSE,326,TRUE,TRUE
38030,0,0,0,82.04,66.02,3.80279,2015,summer,6,FALSE,325,TRUE,TRUE
35464,0,0,0,71.06,64.04,3.5791,2015,summer,6,FALSE,325,TRUE,TRUE
37380,0,0,0,87.08,68,3.80279,2015,summer,6,FALSE,325,TRUE,TRUE
23580,0,0,0,75.02,64.04,5.36865,2015,summer,6,FALSE,325,FALSE,FALSE
25926,0.641732,0,0,87.98,71.06,4.47387,2015,summer,6,FALSE,325,FALSE,FALSE
37677,0,0,0,87.08,69.98,4.92126,2015,summer,6,FALSE,325,TRUE,TRUE
32294,0.019685,0,0,89.96,75.02,5.81603,2015,summer,6,FALSE,325,TRUE,TRUE
41070,0,0,0,84.02,68,4.69757,2015,summer,6,FALSE,325,TRUE,TRUE
39673,0,0,0,82.94,64.94,3.13171,2015,summer,6,FALSE,325,TRUE,TRUE
38614,0,0,0,80.96,69.08,4.47387,2015,summer,6,FALSE,325,TRUE,TRUE
15485,1.11811,0,0,71.06,57.92,7.38189,2015,summer,6,FALSE,325,FALSE,FALSE
20591,0.291339,0,0,73.04,62.06,5.36865,2015,summer,6,FALSE,324,FALSE,FALSE
38037,0,0,0,75.92,62.96,4.92126,2015,summer,6,FALSE,324,TRUE,TRUE
38087,0.0393701,0,0,82.04,68,4.92126,2015,summer,6,FALSE,326,TRUE,TRUE
37539,0.389764,0,0,82.04,69.08,4.25018,2015,summer,7,FALSE,326,TRUE,TRUE
35559,0,0,0,80.06,69.08,1.11847,2015,summer,7,FALSE,326,TRUE,TRUE
26928,0,0,0,82.04,66.02,2.90802,2015,summer,7,TRUE,326,TRUE,FALSE
21706,0,0,0,75.02,69.08,3.3554,2015,summer,7,FALSE,326,FALSE,FALSE
25920,0,0,0,82.94,68,1.56586,2015,summer,7,FALSE,326,FALSE,FALSE
35251,0,0,0,82.94,71.96,2.90802,2015,summer,7,FALSE,326,TRUE,TRUE
36837,0.11811,0,0,87.98,75.02,4.92126,2015,summer,7,FALSE,326,TRUE,TRUE
35047,0,0,0,87.98,77,3.13171,2015,summer,7,FALSE,327,TRUE,TRUE
31978,0.299213,0,0,78.98,68,4.69757,2015,summer,7,FALSE,328,TRUE,TRUE
38559,0,0,0,84.02,71.96,4.69757,2015,summer,7,FALSE,328,TRUE,TRUE
31719,0,0,0,87.98,69.08,2.46063,2015,summer,7,FALSE,328,FALSE,FALSE
31037,0,0,0,89.06,71.96,2.01324,2015,summer,7,FALSE,328,FALSE,FALSE
38485,0,0,0,87.98,73.04,2.68432,2015,summer,7,FALSE,329,TRUE,TRUE
35802,0.42126,0,0,82.04,73.04,2.68432,2015,summer,7,FALSE,329,TRUE,TRUE
34979,0.11811,0,0,80.96,71.96,4.47387,2015,summer,7,FALSE,329,TRUE,TRUE
42356,0,0,0,80.06,64.04,5.59234,2015,summer,7,FALSE,329,TRUE,TRUE
39595,0,0,0,80.96,66.92,3.80279,2015,summer,7,FALSE,329,TRUE,TRUE
28870,0.318898,0,0,84.92,71.06,4.47387,2015,summer,7,FALSE,329,FALSE,FALSE
28531,0,0,0,93.02,78.08,3.13171,2015,summer,7,FALSE,329,FALSE,FALSE
34889,0,0,0,93.92,82.04,4.47387,2015,summer,7,FALSE,329,TRUE,TRUE
38499,0,0,0,89.06,73.94,2.46063,2015,summer,7,FALSE,329,TRUE,TRUE
42557,0,0,0,84.92,69.08,5.81603,2015,summer,7,FALSE,329,TRUE,TRUE
42175,0,0,0,86,68,3.80279,2015,summer,7,FALSE,329,TRUE,TRUE
40330,0,0,0,87.08,69.98,2.01324,2015,summer,7,FALSE,329,TRUE,TRUE
31639,0,0,0,87.98,69.08,3.13171,2015,summer,7,FALSE,329,FALSE,FALSE
30543,0,0,0,89.96,73.94,4.47387,2015,summer,7,FALSE,329,FALSE,FALSE
38747,0.358268,0,0,86,71.06,2.90802,2015,summer,7,FALSE,329,TRUE,TRUE
40434,0,0,0,95,75.02,2.68432,2015,summer,7,FALSE,329,TRUE,TRUE
39428,0,0,0,96.08,78.08,3.80279,2015,summer,7,FALSE,329,TRUE,TRUE
31166,1.94882,0,0,87.08,75.92,4.25018,2015,summer,7,FALSE,329,TRUE,TRUE
38571,0,0,0,89.06,71.96,3.3554,2015,summer,7,FALSE,329,TRUE,TRUE
35179,0,0,0,89.06,75.02,4.47387,2015,summer,8,FALSE,331,FALSE,FALSE
31622,0,0,0,89.06,71.06,2.01324,2015,summer,8,FALSE,331,FALSE,FALSE
38888,0,0,0,89.96,75.02,4.92126,2015,summer,8,FALSE,332,TRUE,TRUE
40783,0.429134,0,0,89.06,69.08,5.36865,2015,summer,8,FALSE,333,TRUE,TRUE
41075,0,0,0,87.08,71.96,2.90802,2015,summer,8,FALSE,335,TRUE,TRUE
42283,0,0,0,82.94,66.92,2.46063,2015,summer,8,FALSE,335,TRUE,TRUE
40999,0,0,0,84.02,69.08,5.36865,2015,summer,8,FALSE,335,TRUE,TRUE
38723,0,0,0,82.04,68,3.80279,2015,summer,8,FALSE,335,FALSE,FALSE
32716,0,0,0,84.92,68,3.80279,2015,summer,8,FALSE,335,FALSE,FALSE
39870,0,0,0,84.02,69.98,4.47387,2015,summer,8,FALSE,336,TRUE,TRUE
25066,1.16929,0,0,80.96,71.06,4.25018,2015,summer,8,FALSE,338,TRUE,TRUE
42994,0,0,0,84.92,71.06,4.69757,2015,summer,8,FALSE,343,TRUE,TRUE
42170,0,0,0,82.94,66.92,3.13171,2015,summer,8,FALSE,348,TRUE,TRUE
39983,0,0,0,87.98,66.92,2.90802,2015,summer,8,FALSE,353,TRUE,TRUE
37821,0,0,0,91.94,73.04,3.3554,2015,summer,8,FALSE,353,FALSE,FALSE
30344,0,0,0,93.02,75.92,1.56586,2015,summer,8,FALSE,355,FALSE,FALSE
37449,0,0,0,95,78.08,3.3554,2015,summer,8,FALSE,362,TRUE,TRUE
39916,0.291339,0,0,89.96,73.04,4.02649,2015,summer,8,FALSE,368,TRUE,TRUE
40726,0,0,0,87.08,77,4.02649,2015,summer,8,FALSE,377,TRUE,TRUE
39280,0.011811,0,0,86,77,5.59234,2015,summer,8,FALSE,384,TRUE,TRUE
38038,0.318898,0,0,87.08,71.06,4.25018,2015,summer,8,FALSE,392,TRUE,TRUE
34277,0,0,0,86,69.08,4.47387,2015,summer,8,FALSE,393,FALSE,FALSE
33071,0,0,0,84.92,69.98,4.02649,2015,summer,8,FALSE,394,FALSE,FALSE
38943,0,0,0,87.08,73.04,2.46063,2015,summer,8,FALSE,395,TRUE,TRUE
41655,0,0,0,89.96,73.04,3.80279,2015,summer,8,FALSE,399,TRUE,TRUE
42832,0,0,0,84.92,66.92,3.80279,2015,summer,8,FALSE,409,TRUE,TRUE
43173,0,0,0,82.04,66.92,3.13171,2015,summer,8,FALSE,415,TRUE,TRUE
41755,0,0,0,82.04,62.96,2.46063,2015,summer,8,FALSE,417,TRUE,TRUE
34381,0,0,0,87.08,66.92,2.01324,2015,summer,8,FALSE,417,FALSE,FALSE
32913,0.129921,0,0,89.96,71.96,4.02649,2015,summer,8,FALSE,418,FALSE,FALSE
40119,0,0,0,91.04,75.92,4.47387,2015,summer,8,FALSE,421,TRUE,TRUE
43291,0,0,0,89.96,75.92,2.23694,2015,fall,9,FALSE,422,TRUE,TRUE
43225,0,0,0,91.04,73.94,1.78955,2015,fall,9,FALSE,424,TRUE,TRUE
42879,0,0,0,93.02,73.94,2.01324,2015,fall,9,FALSE,426,TRUE,TRUE
39956,0,0,0,84.92,71.96,6.9345,2015,fall,9,FALSE,428,TRUE,TRUE
34005,0,0,0,82.94,66.92,4.02649,2015,fall,9,FALSE,428,FALSE,FALSE
33199,0,0,0,87.08,64.94,1.34216,2015,fall,9,FALSE,428,FALSE,FALSE
33682,0,0,0,91.94,69.98,4.25018,2015,fall,9,TRUE,429,TRUE,FALSE
42766,0,0,0,96.98,75.92,4.92126,2015,fall,9,FALSE,432,TRUE,TRUE
44005,0,0,0,89.96,75.92,3.80279,2015,fall,9,FALSE,435,TRUE,TRUE
22253,1.57874,0,0,78.98,69.98,6.26342,2015,fall,9,FALSE,437,TRUE,TRUE
47613,0,0,0,80.96,66.02,5.14495,2015,fall,9,FALSE,440,TRUE,TRUE
33661,0.291339,0,0,78.98,69.08,4.25018,2015,fall,9,FALSE,439,FALSE,FALSE
34794,0.0393701,0,0,80.06,62.06,6.26342,2015,fall,9,FALSE,439,FALSE,FALSE
44668,0,0,0,77,59,6.48712,2015,fall,9,FALSE,442,TRUE,TRUE
48729,0,0,0,84.02,62.06,2.23694,2015,fall,9,FALSE,445,TRUE,TRUE
51179,0,0,0,87.98,66.02,1.34216,2015,fall,9,FALSE,446,TRUE,TRUE
50705,0,0,0,89.06,68,2.23694,2015,fall,9,FALSE,446,TRUE,TRUE
50285,0,0,0,87.08,68,2.01324,2015,fall,9,FALSE,447,TRUE,TRUE
43011,0,0,0,82.94,68,2.68432,2015,fall,9,FALSE,447,FALSE,FALSE
40462,0,0,0,78.98,64.04,7.82928,2015,fall,9,FALSE,447,FALSE,FALSE
47180,0,0,0,73.04,59,7.60558,2015,fall,9,FALSE,448,TRUE,TRUE
48685,0,0,0,71.06,62.06,6.9345,2015,fall,9,FALSE,447,TRUE,TRUE
48366,0,0,0,80.06,59,2.90802,2015,fall,9,FALSE,448,TRUE,TRUE
52706,0,0,0,82.04,60.08,4.25018,2015,fall,9,FALSE,449,TRUE,TRUE
51368,0,0,0,75.92,62.96,6.26342,2015,fall,9,FALSE,450,TRUE,TRUE
42560,0,0,0,71.96,60.98,6.03973,2015,fall,9,FALSE,450,FALSE,FALSE
38285,0,0,0,71.06,55.94,4.92126,2015,fall,9,FALSE,451,FALSE,FALSE
48011,0,0,0,78.08,64.94,3.3554,2015,fall,9,FALSE,451,TRUE,TRUE
48725,0.110236,0,0,82.94,71.96,2.68432,2015,fall,9,FALSE,453,TRUE,TRUE
39445,1.25984,0,0,78.98,59,8.27666,2015,fall,9,FALSE,453,TRUE,TRUE
34719,0.0905512,0,0,64.04,55.94,8.72405,2015,fall,10,FALSE,455,TRUE,TRUE
9444,1.07874,0,0,57.02,48.02,12.5268,2015,fall,10,FALSE,455,TRUE,TRUE
16564,0.350394,0,0,55.04,48.92,11.4084,2015,fall,10,FALSE,455,FALSE,FALSE
30214,0,0,0,62.96,53.06,10.7373,2015,fall,10,FALSE,456,FALSE,FALSE
44581,0,0,0,66.92,51.98,6.26342,2015,fall,10,FALSE,458,TRUE,TRUE
49719,0,0,0,73.04,51.98,1.56586,2015,fall,10,FALSE,461,TRUE,TRUE
50141,0,0,0,73.04,57.92,2.90802,2015,fall,10,FALSE,462,TRUE,TRUE
50179,0,0,0,71.96,59,3.3554,2015,fall,10,FALSE,464,TRUE,TRUE
37283,0.889764,0,0,78.08,60.98,4.02649,2015,fall,10,FALSE,467,TRUE,TRUE
39345,0,0,0,64.94,50,2.46063,2015,fall,10,FALSE,468,FALSE,FALSE
38967,0,0,0,69.08,53.06,3.80279,2015,fall,10,FALSE,469,FALSE,FALSE
45584,0,0,0,77,55.94,3.80279,2015,fall,10,FALSE,470,TRUE,TRUE
49047,0.011811,0,0,71.96,60.98,3.5791,2015,fall,10,FALSE,470,TRUE,TRUE
49998,0,0,0,69.08,57.02,3.80279,2015,fall,10,FALSE,472,TRUE,TRUE
48783,0,0,0,64.04,51.08,4.02649,2015,fall,10,FALSE,471,TRUE,TRUE
46484,0,0,0,64.04,53.06,5.36865,2015,fall,10,FALSE,472,TRUE,TRUE
31809,0,0,0,55.94,42.08,5.81603,2015,fall,10,FALSE,472,FALSE,FALSE
23978,0,0,0,50,37.94,4.92126,2015,fall,10,FALSE,472,FALSE,FALSE
36570,0,0,0,53.06,35.06,3.80279,2015,fall,10,FALSE,472,TRUE,TRUE
45376,0,0,0,69.98,48.02,6.03973,2015,fall,10,FALSE,472,TRUE,TRUE
49121,0,0,0,75.92,57.02,2.23694,2015,fall,10,FALSE,473,TRUE,TRUE
49604,0,0,0,75.02,57.92,4.69757,2015,fall,10,FALSE,471,TRUE,TRUE
44679,0,0,0,64.94,44.96,6.71081,2015,fall,10,FALSE,471,TRUE,TRUE
31713,0,0,0,57.02,39.92,4.02649,2015,fall,10,FALSE,471,FALSE,FALSE
29289,0.0511811,0,0,68,48.02,4.92126,2015,fall,10,FALSE,471,FALSE,FALSE
42165,0,0,0,57.92,46.04,3.80279,2015,fall,10,FALSE,469,TRUE,TRUE
44553,0,0,0,59,44.96,4.47387,2015,fall,10,FALSE,467,TRUE,TRUE
20736,1.40157,0,0,69.08,53.06,6.71081,2015,fall,10,FALSE,467,TRUE,TRUE
45358,0.0393701,0,0,73.04,57.02,6.48712,2015,fall,10,FALSE,469,TRUE,TRUE
44518,0,0,0,60.98,48.02,5.81603,2015,fall,10,FALSE,471,TRUE,TRUE
31756,0,0,0,55.94,42.08,2.90802,2015,fall,10,FALSE,471,FALSE,FALSE
30622,0,0,0,64.94,53.96,4.92126,2015,fall,11,FALSE,471,FALSE,FALSE
44534,0,0,0,62.96,53.96,2.01324,2015,fall,11,FALSE,473,TRUE,TRUE
49326,0,0,0,71.96,48.02,2.46063,2015,fall,11,FALSE,476,TRUE,TRUE
49487,0,0,0,69.98,55.94,2.46063,2015,fall,11,FALSE,478,TRUE,TRUE
43006,0.011811,0,0,71.06,55.94,2.01324,2015,fall,11,FALSE,479,TRUE,TRUE
47162,0,0,0,73.94,66.02,4.69757,2015,fall,11,FALSE,479,TRUE,TRUE
35586,0,0,0,71.96,53.06,4.47387,2015,fall,11,FALSE,479,FALSE,FALSE
32317,0,0,0,55.94,46.04,3.5791,2015,fall,11,FALSE,479,FALSE,FALSE
42262,0,0,0,59,42.98,2.01324,2015,fall,11,FALSE,479,TRUE,TRUE
21585,0.259843,0,0,57.02,51.08,9.84252,2015,fall,11,FALSE,479,TRUE,TRUE
37705,0.429134,0,0,57.92,48.92,4.92126,2015,fall,11,FALSE,479,TRUE,TRUE
37319,0.011811,0,0,60.98,51.08,5.59234,2015,fall,11,FALSE,479,TRUE,TRUE
38970,0,0,0,57.92,46.04,10.7373,2015,fall,11,FALSE,478,TRUE,TRUE
25299,0,0,0,48.92,42.08,7.82928,2015,fall,11,FALSE,477,FALSE,FALSE
25990,0,0,0,57.92,39.02,4.69757,2015,fall,11,FALSE,477,FALSE,FALSE
40916,0,0,0,66.92,51.08,4.02649,2015,fall,11,FALSE,478,TRUE,TRUE
38939,0,0,0,51.98,39.92,6.26342,2015,fall,11,FALSE,478,TRUE,TRUE
41485,0,0,0,57.92,46.04,5.14495,2015,fall,11,FALSE,477,TRUE,TRUE
21890,1.25197,0,0,64.04,57.02,5.59234,2015,fall,11,FALSE,477,TRUE,TRUE
38205,0,0,0,64.04,46.04,5.81603,2015,fall,11,FALSE,477,TRUE,TRUE
28038,0,0,0,53.06,42.08,6.48712,2015,fall,11,FALSE,477,FALSE,FALSE
23343,0.0314961,0,0,55.04,42.08,6.26342,2015,fall,11,FALSE,477,FALSE,FALSE
30136,0,0,0,44.06,33.08,5.81603,2015,fall,11,FALSE,476,TRUE,TRUE
32218,0,0,0,46.04,32,3.80279,2015,fall,11,FALSE,476,TRUE,TRUE
30295,0,0,0,50,35.96,2.68432,2015,fall,11,FALSE,476,TRUE,TRUE
13291,0,0,0,60.08,41,2.90802,2015,fall,11,TRUE,474,TRUE,FALSE
22824,0,0,0,64.04,51.08,3.80279,2015,fall,11,TRUE,474,TRUE,FALSE
15830,0.019685,0,0,64.04,44.96,NA,2015,fall,11,FALSE,474,FALSE,FALSE
18452,0,0,0,48.92,37.94,NA,2015,fall,11,FALSE,474,FALSE,FALSE
30213,0,0,0,46.94,33.08,5.59234,2015,fall,11,FALSE,474,TRUE,TRUE